aX,aY,aZ,gX,gY,gZ
-0.423,-0.219,2.350,-5.249,-79.102,-9.521
-0.584,-0.171,2.683,-26.489,-81.238,-8.362
-0.747,-0.167,3.020,-51.331,-75.012,-4.395
-0.880,-0.087,3.272,-75.806,-56.213,-1.099
-0.969,-0.019,3.430,-84.106,-23.376,-3.967
-1.016,-0.025,3.483,-70.068,19.287,-12.756
-1.021,-0.095,3.371,-42.236,75.134,-22.705
-0.972,-0.200,3.059,-9.888,139.404,-29.053
-0.878,-0.270,2.617,23.071,199.402,-31.433
-0.782,-0.351,2.158,52.979,241.943,-30.457
-0.666,-0.398,1.740,67.627,268.372,-23.071
-0.547,-0.378,1.302,63.477,278.320,-10.742
-0.438,-0.363,0.976,54.749,272.583,2.808
-0.324,-0.347,0.712,45.532,259.705,9.094
-0.243,-0.361,0.451,35.583,239.075,7.629
-0.163,-0.432,0.261,26.733,214.783,1.953
-0.105,-0.496,0.105,15.381,197.571,-3.601
-0.061,-0.497,0.008,-0.061,194.702,-1.526
-0.024,-0.431,-0.142,-15.686,198.303,9.705
-0.014,-0.262,-0.407,-21.057,192.566,25.085
0.045,-0.153,-0.531,-6.470,164.490,35.339
0.081,-0.087,-0.610,13.306,138.062,43.396
0.120,-0.011,-0.677,21.667,120.972,48.767
0.140,0.092,-0.758,17.273,110.596,50.476
0.159,0.149,-0.831,8.057,99.609,52.124
0.181,0.187,-0.893,-1.953,82.031,51.331
0.200,0.206,-0.942,-11.963,63.416,49.744
0.213,0.214,-0.971,-20.569,45.593,49.011
0.211,0.246,-0.958,-26.672,26.184,48.645
0.212,0.271,-0.903,-30.396,4.700,50.293
0.200,0.283,-0.788,-34.729,-14.893,56.702
0.161,0.278,-0.635,-43.518,-33.508,67.383
0.180,0.432,-0.509,-53.406,-48.340,73.853
0.195,0.558,-0.395,-53.467,-60.303,64.941
0.195,0.626,-0.232,-38.696,-65.735,41.931
0.178,0.572,-0.121,-20.081,-64.148,21.606
0.174,0.512,-0.080,-8.362,-57.495,10.925
0.183,0.469,-0.062,-0.366,-50.964,8.118
0.182,0.430,-0.029,7.507,-51.636,6.958
0.175,0.379,0.043,13.611,-59.326,4.150
0.152,0.342,0.127,13.977,-73.914,0.854
0.115,0.302,0.220,10.315,-94.299,-1.831
0.111,0.244,0.470,6.348,-111.328,-4.089
0.083,0.259,0.618,-0.610,-113.037,-4.150
0.058,0.256,0.758,-3.113,-112.427,-3.662
0.050,0.233,0.850,2.136,-103.455,-5.371
0.041,0.190,0.918,15.076,-90.637,-7.446
0.031,0.151,0.957,30.823,-76.843,-8.911
0.015,0.126,0.982,43.762,-67.322,-8.911
0.016,0.107,1.001,51.514,-64.453,-9.216
0.020,0.071,1.026,55.115,-65.063,-12.207
0.029,0.017,1.052,54.321,-65.063,-18.311
0.045,-0.025,1.067,49.744,-62.500,-23.987
0.053,-0.070,1.072,44.617,-58.838,-27.222
0.053,-0.097,1.066,41.321,-55.298,-28.503
0.045,-0.124,1.063,41.626,-51.758,-26.917
0.026,-0.145,1.060,44.556,-50.415,-24.475
-0.001,-0.170,1.057,48.462,-51.147,-22.644
-0.018,-0.200,1.049,51.147,-50.903,-22.400
-0.025,-0.243,1.032,51.147,-49.744,-24.231
-0.012,-0.295,1.025,47.852,-48.340,-27.954
0.004,-0.332,1.050,41.809,-51.392,-32.837
0.011,-0.298,1.094,34.424,-60.242,-39.734
0.000,-0.330,1.217,30.090,-68.420,-40.161
-0.038,-0.316,1.290,23.926,-71.106,-26.672
-0.056,-0.262,1.323,18.433,-68.481,-10.681
-0.077,-0.206,1.354,20.813,-66.162,-3.357
-0.097,-0.206,1.386,30.090,-62.378,-4.700
-0.100,-0.238,1.381,37.659,-52.551,-8.850
-0.097,-0.264,1.329,39.307,-37.476,-12.512
-0.090,-0.285,1.249,37.292,-25.085,-14.343
-0.069,-0.313,1.199,35.156,-21.423,-15.381
-0.057,-0.338,1.178,33.752,-23.926,-14.160
-0.064,-0.331,1.172,31.311,-28.381,-10.559
-0.081,-0.313,1.184,28.564,-34.058,-5.981
-0.097,-0.283,1.217,25.146,-39.063,-2.380
-0.111,-0.264,1.254,21.362,-41.443,-1.343
-0.123,-0.272,1.290,18.494,-39.001,-3.662
-0.131,-0.289,1.321,16.357,-32.776,-6.775
-0.125,-0.300,1.326,14.648,-26.123,-7.385
-0.120,-0.303,1.332,15.320,-23.499,-5.005
-0.114,-0.288,1.343,17.761,-24.109,-1.038
-0.111,-0.263,1.350,19.531,-24.292,3.906
-0.107,-0.228,1.348,19.836,-23.010,6.348
-0.114,-0.217,1.350,18.433,-20.996,6.042
-0.119,-0.222,1.355,14.038,-17.578,2.991
-0.123,-0.235,1.351,7.568,-12.512,-0.977
-0.128,-0.252,1.332,2.197,-7.141,-3.967
-0.130,-0.272,1.307,-0.061,-2.686,-5.066
-0.132,-0.294,1.279,-0.061,0.244,-4.639
-0.128,-0.309,1.244,0.610,2.625,-3.052
-0.122,-0.304,1.197,1.709,5.981,-0.366
-0.116,-0.281,1.145,3.357,8.667,2.502
-0.110,-0.255,1.097,5.676,9.033,5.554
-0.100,-0.241,1.064,7.324,6.836,7.202
-0.092,-0.230,1.045,7.019,4.272,7.874
-0.091,-0.207,1.031,3.967,2.991,8.240
-0.091,-0.178,1.020,-0.305,2.625,7.629
-0.094,-0.164,1.013,-3.479,2.380,6.165
-0.091,-0.166,1.009,-5.676,2.319,3.906
-0.091,-0.177,1.000,-7.751,3.784,1.404
-0.090,-0.180,0.983,-8.484,5.981,0.549
-0.090,-0.181,0.968,-6.836,7.324,0.916
-0.092,-0.175,0.962,-3.967,6.958,1.953
-0.093,-0.169,0.957,-1.221,5.310,3.784
-0.092,-0.164,0.961,0.671,3.357,4.456
-0.095,-0.156,0.966,1.160,2.747,4.272
-0.094,-0.153,0.968,0.061,3.601,3.601
-0.092,-0.155,0.971,-1.770,4.456,1.953
-0.088,-0.160,0.966,-2.869,5.127,0.549
-0.085,-0.160,0.958,-2.380,6.165,0.122
-0.083,-0.163,0.953,-0.793,6.592,-0.366
-0.080,-0.165,0.952,-0.061,6.226,-0.977
-0.076,-0.167,0.951,-0.427,6.165,-1.038
-0.075,-0.171,0.956,-0.916,5.859,-1.831
-0.074,-0.177,0.958,-1.221,5.920,-2.075
-0.068,-0.179,0.956,-0.549,6.531,-1.648
-0.071,-0.178,0.955,0.427,6.470,-0.916
-0.070,-0.178,0.960,1.282,5.554,0.000
-0.541,-0.274,2.244,-2.625,-93.994,9.949
-0.604,-0.314,2.342,-5.737,-68.481,5.127
-0.647,-0.362,2.388,-1.465,-42.053,0.916
-0.682,-0.406,2.374,5.493,-15.564,0.366
-0.669,-0.428,2.294,9.644,9.277,2.502
-0.651,-0.434,2.185,10.498,31.433,5.310
-0.628,-0.428,2.060,8.667,50.659,6.042
-0.591,-0.419,1.935,4.272,66.956,5.798
-0.562,-0.418,1.818,-1.282,79.163,4.639
-0.528,-0.417,1.691,-10.864,89.844,2.258
-0.490,-0.397,1.581,-24.109,100.952,-0.854
-0.464,-0.373,1.472,-37.781,108.643,-2.991
-0.421,-0.345,1.338,-48.401,117.371,-4.517
-0.362,-0.319,1.173,-53.711,127.502,-6.165
-0.302,-0.312,0.994,-54.382,138.794,-7.141
-0.231,-0.306,0.781,-52.917,151.123,-6.775
-0.150,-0.286,0.539,-48.584,166.199,-5.005
-0.099,-0.222,0.154,-40.344,175.171,-1.892
-0.019,-0.196,-0.097,-20.081,166.260,0.244
0.035,-0.209,-0.139,3.479,163.574,3.418
0.055,-0.118,-0.454,-2.563,154.419,14.221
0.119,-0.010,-0.714,-18.799,137.146,20.508
0.174,0.064,-0.858,-24.353,108.276,21.545
0.217,0.154,-0.900,-26.672,80.139,23.621
0.254,0.284,-0.934,-31.799,57.434,31.250
0.303,0.328,-0.985,-34.302,42.297,44.495
0.329,0.325,-1.047,-31.067,31.494,62.683
0.294,0.269,-1.062,-26.855,19.348,79.773
0.342,0.589,-1.085,-23.437,-2.014,76.965
0.316,0.718,-0.892,-11.047,-32.288,45.410
0.272,0.641,-0.665,-6.714,-53.650,16.418
0.240,0.591,-0.563,-22.705,-57.251,3.540
0.213,0.562,-0.524,-31.372,-59.814,0.366
0.194,0.500,-0.414,-18.066,-68.970,-3.052
0.164,0.429,-0.272,2.869,-79.407,-5.310
0.121,0.372,-0.121,14.832,-85.510,-6.042
0.067,0.332,0.038,15.808,-92.163,-7.812
-0.009,0.289,0.171,10.742,-104.126,-12.268
-0.100,0.232,0.289,8.179,-125.183,-18.921
-0.130,0.116,0.590,11.902,-140.259,-24.597
-0.136,0.098,0.773,12.146,-133.240,-26.245
-0.162,0.016,0.916,16.235,-119.446,-26.062
-0.177,-0.050,1.035,28.809,-100.159,-27.466
-0.212,-0.112,1.114,45.410,-88.806,-29.602
-0.255,-0.127,1.211,61.890,-84.900,-32.593
-0.290,-0.162,1.335,72.754,-88.867,-36.011
-0.323,-0.281,1.474,72.327,-93.140,-33.508
-0.343,-0.293,1.615,57.068,-91.431,-25.940
-0.371,-0.294,1.741,39.856,-87.341,-17.456
-0.400,-0.271,1.871,30.273,-82.703,-12.695
-0.417,-0.274,1.984,29.907,-74.707,-12.268
-0.426,-0.290,2.043,31.982,-58.838,-13.489
-0.420,-0.320,2.016,32.104,-36.621,-15.930
-0.408,-0.375,1.927,32.532,-14.771,-19.897
-0.380,-0.446,1.822,34.058,1.770,-24.414
-0.346,-0.454,1.721,33.203,14.038,-28.015
-0.320,-0.495,1.604,30.212,18.799,-27.100
-0.288,-0.488,1.518,26.306,18.921,-21.606
-0.266,-0.483,1.457,20.813,16.174,-14.282
-0.251,-0.451,1.406,14.954,12.085,-7.324
-0.232,-0.406,1.360,10.437,10.498,-1.892
-0.216,-0.365,1.319,8.118,10.376,1.831
-0.217,-0.323,1.287,6.104,10.803,4.028
-0.213,-0.280,1.245,2.869,12.207,5.798
-0.204,-0.226,1.189,1.465,14.648,7.446
-0.189,-0.179,1.132,4.639,16.296,9.766
-0.172,-0.155,1.084,10.376,16.968,11.047
-0.161,-0.141,1.047,13.306,17.090,10.071
-0.148,-0.135,1.007,11.353,17.273,8.301
-0.144,-0.132,0.978,6.958,17.090,5.920
-0.151,-0.131,0.962,1.953,15.198,3.784
-0.150,-0.133,0.954,-2.441,10.376,2.441
-0.156,-0.146,0.974,-4.883,4.944,1.587
-0.158,-0.151,0.996,-6.287,2.014,1.282
-0.164,-0.137,1.005,-6.836,2.075,2.380
-0.168,-0.120,1.013,-5.066,2.991,3.601
-0.168,-0.117,1.017,-1.648,3.784,3.906
-0.160,-0.114,1.015,0.671,5.859,3.296
-0.154,-0.110,1.002,1.038,8.301,2.747
-0.144,-0.110,0.984,1.831,9.460,2.136
-0.132,-0.114,0.966,3.174,9.521,2.136
-0.119,-0.115,0.945,3.479,9.583,2.502
-0.112,-0.114,0.934,3.357,9.399,2.075
-0.107,-0.119,0.925,2.380,8.789,1.038
-0.101,-0.128,0.915,0.427,7.812,-0.122
-0.101,-0.141,0.915,-1.831,6.470,-1.343
-0.099,-0.151,0.911,-3.723,4.944,-2.014
-0.099,-0.155,0.914,-4.272,3.418,-1.648
-0.103,-0.160,0.930,-3.723,0.732,-0.488
-0.106,-0.156,0.946,-3.723,-1.343,0.671
-0.102,-0.146,0.957,-4.456,-1.831,1.831
-0.104,-0.142,0.968,-4.150,-1.831,2.075
-0.103,-0.145,0.974,-2.747,-0.549,1.831
-0.102,-0.147,0.971,-1.465,1.343,1.831
-0.106,-0.150,0.968,-1.038,2.808,1.953
-0.110,-0.155,0.965,-1.648,3.357,1.648
-0.113,-0.158,0.965,-2.991,3.052,1.587
-0.119,-0.158,0.975,-3.357,2.258,2.136
-0.122,-0.150,0.983,-2.930,1.892,3.296
-0.121,-0.138,0.982,-1.465,2.319,4.761
-0.117,-0.128,0.977,1.160,3.479,5.493
-0.115,-0.120,0.964,3.235,4.944,5.493
-0.107,-0.112,0.944,4.456,5.859,5.127
-0.101,-0.106,0.928,5.249,6.104,4.944
-0.096,-0.109,0.924,5.493,5.005,4.272
-0.096,-0.111,0.926,4.700,3.662,3.174
-0.098,-0.107,0.927,3.113,2.991,2.502
-0.096,-0.107,0.931,2.441,2.380,2.014
-0.099,-0.113,0.937,2.930,1.831,1.404
-0.100,-0.115,0.937,2.686,2.319,1.221
-0.101,-0.116,0.934,1.465,2.441,0.732
-0.103,-0.118,0.932,0.122,1.648,0.244
-0.100,-0.122,0.935,-1.282,0.793,-0.671
-0.101,-0.134,0.945,-2.563,-0.366,-1.648
-0.101,-0.147,0.952,-3.296,-0.610,-2.563
-0.106,-0.151,0.951,-3.784,0.183,-2.319
-0.109,-0.149,0.951,-3.235,-0.061,-1.221
-0.115,-0.144,0.966,-1.587,-2.197,0.549
-0.120,-0.127,0.989,-0.854,-3.967,2.380
-0.425,-0.274,2.126,-24.231,-36.987,-7.568
-0.450,-0.297,2.147,-13.306,-17.761,-4.761
-0.440,-0.311,2.093,0.977,4.822,-0.061
-0.414,-0.307,1.973,13.672,28.259,4.517
-0.389,-0.294,1.837,21.423,46.387,6.775
-0.375,-0.279,1.723,20.142,54.932,7.141
-0.358,-0.250,1.640,8.728,56.396,7.263
-0.345,-0.224,1.601,-5.493,53.040,6.409
-0.344,-0.208,1.609,-17.151,50.720,3.662
-0.328,-0.211,1.609,-25.208,53.528,-0.366
-0.326,-0.227,1.592,-27.344,62.439,-3.723
-0.341,-0.230,1.532,-25.085,74.768,-5.310
-0.329,-0.225,1.447,-20.203,87.524,-4.700
-0.321,-0.236,1.369,-13.977,94.299,-2.991
-0.307,-0.240,1.295,-10.803,98.328,-1.587
-0.298,-0.239,1.229,-11.719,101.929,-0.549
-0.280,-0.240,1.169,-14.648,103.577,0.122
-0.237,-0.236,1.089,-16.602,106.079,1.282
-0.178,-0.241,0.992,-14.893,110.596,3.174
-0.120,-0.234,0.863,-11.475,117.249,4.700
-0.065,-0.192,0.717,-7.812,126.038,7.080
-0.027,-0.155,0.577,-4.517,132.629,10.681
-0.003,-0.135,0.475,-4.517,130.798,10.986
0.004,-0.134,0.322,-9.338,115.845,7.202
0.036,-0.193,0.309,-13.550,93.384,1.648
0.057,-0.208,0.356,-21.973,74.341,0.488
0.090,-0.101,0.325,-36.072,66.833,8.240
0.126,0.045,0.256,-40.771,66.040,17.212
0.154,0.097,0.178,-30.029,64.392,23.865
0.168,0.099,0.079,-16.235,64.819,32.043
0.173,0.072,-0.036,-10.193,67.627,43.030
0.193,0.004,-0.080,-14.099,75.562,53.894
0.210,0.292,-0.215,-19.897,69.092,44.495
0.196,0.247,-0.205,-7.690,47.791,11.353
0.194,0.074,-0.128,-5.066,25.757,-13.000
0.203,-0.010,-0.144,-25.269,17.395,-17.273
0.199,-0.008,-0.133,-41.931,11.719,-10.803
0.187,-0.017,-0.077,-38.696,-0.671,-6.104
0.182,-0.039,-0.017,-25.024,-16.296,-4.028
0.184,-0.040,0.047,-14.587,-29.358,-0.549
0.184,-0.032,0.160,-13.489,-33.081,6.897
0.187,0.066,0.204,-19.958,-22.644,18.188
0.170,0.151,0.217,-22.644,-16.235,27.527
0.164,0.246,0.222,-13.062,-17.517,31.372
0.173,0.290,0.281,0.183,-25.879,28.259
0.173,0.320,0.356,6.470,-33.081,24.109
0.163,0.349,0.418,2.380,-37.537,19.958
0.160,0.341,0.510,-2.319,-42.847,13.611
0.148,0.287,0.594,-4.150,-49.194,5.432
0.134,0.216,0.683,-4.456,-53.955,-1.526
0.114,0.161,0.775,-4.456,-55.603,-4.272
0.091,0.155,0.852,-4.089,-53.345,-2.808
0.087,0.181,0.896,-0.671,-47.607,1.343
0.087,0.208,0.911,8.484,-40.771,3.784
0.078,0.208,0.917,20.691,-34.668,2.441
0.073,0.193,0.906,27.527,-31.189,-1.099
0.072,0.149,0.903,26.855,-30.334,-5.493
0.070,0.087,0.903,20.691,-30.518,-10.803
0.064,0.008,0.917,14.709,-30.884,-15.808
0.054,-0.053,0.946,10.254,-32.410,-19.409
0.044,-0.098,0.974,7.690,-35.889,-21.118
0.041,-0.141,1.010,8.240,-39.368,-20.386
0.021,-0.165,1.054,11.536,-41.992,-18.188
0.007,-0.170,1.094,14.771,-42.603,-15.320
-0.000,-0.179,1.121,17.273,-40.833,-10.437
-0.014,-0.174,1.121,18.799,-34.790,-5.981
-0.035,-0.154,1.106,19.043,-26.550,-2.258
-0.047,-0.138,1.087,16.907,-22.949,-0.305
-0.034,-0.141,1.092,13.794,-24.353,-0.427
-0.019,-0.150,1.117,10.620,-26.123,-0.183
-0.008,-0.141,1.133,8.118,-25.879,1.099
0.007,-0.129,1.127,8.545,-23.437,2.808
0.018,-0.123,1.101,11.108,-18.860,4.150
0.023,-0.110,1.042,12.512,-13.611,4.150
0.025,-0.094,0.992,12.146,-10.193,3.540
0.028,-0.091,0.962,10.681,-11.719,2.258
0.020,-0.084,0.961,7.568,-15.564,1.892
0.003,-0.066,0.989,2.502,-20.203,2.014
-0.011,-0.047,1.034,-3.052,-24.780,2.258
-0.016,-0.044,1.081,-5.859,-26.794,1.587
-0.019,-0.056,1.122,-4.456,-26.245,-0.061
-0.027,-0.067,1.150,0.366,-22.766,-0.366
-0.028,-0.067,1.139,6.226,-16.174,1.343
-0.019,-0.071,1.089,12.451,-8.850,2.502
-0.009,-0.085,1.034,18.005,-4.944,2.136
-0.009,-0.089,0.995,19.348,-3.418,1.282
-0.015,-0.084,0.960,16.724,-4.211,1.160
-0.022,-0.086,0.946,12.512,-7.324,0.732
-0.035,-0.100,0.965,8.423,-12.817,-0.549
-0.039,-0.123,1.001,4.150,-18.494,-1.587
-0.050,-0.127,1.040,0.305,-20.752,-1.282
-0.064,-0.110,1.073,-1.221,-20.935,0.916
-0.070,-0.090,1.093,1.221,-20.264,4.089
-0.071,-0.071,1.104,7.324,-17.517,6.897
-0.072,-0.062,1.098,13.306,-13.428,7.935
-0.068,-0.067,1.079,15.015,-9.644,6.775
-0.060,-0.070,1.050,12.085,-7.080,4.578
-0.056,-0.068,1.023,8.362,-5.432,3.357
-0.053,-0.066,1.006,6.958,-6.104,2.991
-0.050,-0.056,1.000,7.080,-7.690,3.601
-0.045,-0.050,0.998,7.812,-8.667,3.967
-0.047,-0.057,0.998,8.179,-9.338,3.052
-0.060,-0.070,1.002,7.568,-9.338,1.343
-0.077,-0.083,1.022,4.944,-9.888,0.000
-0.086,-0.094,1.050,1.831,-11.353,-0.366
-0.094,-0.099,1.078,0.183,-11.475,-0.122
-0.096,-0.101,1.083,1.221,-8.850,0.244
-0.098,-0.101,1.074,4.456,-4.822,0.610
-0.088,-0.095,1.040,8.484,-0.122,1.221
-0.066,-0.085,0.983,12.207,4.272,2.563
-0.046,-0.083,0.939,15.869,7.141,2.991
-0.031,-0.096,0.911,17.517,6.775,1.892
-0.038,-0.109,0.904,13.916,5.127,-0.122
-0.046,-0.102,0.907,5.737,2.930,-1.770
-0.060,-0.087,0.922,-1.526,-0.061,-2.014
-0.079,-0.076,0.948,-4.272,-3.357,-1.831
-0.083,-0.068,0.965,-2.625,-4.883,-1.404
-0.081,-0.053,0.959,1.892,-3.784,0.122
-0.077,-0.034,0.931,7.568,-0.793,1.587
-0.436,-0.320,2.078,15.198,-57.373,0.366
-0.479,-0.370,2.178,0.732,-38.147,-5.127
-0.533,-0.422,2.236,-7.996,-16.785,-9.827
-0.562,-0.458,2.266,-10.254,-0.854,-13.123
-0.605,-0.487,2.287,-9.521,11.414,-10.864
-0.619,-0.475,2.290,-10.010,22.888,-4.211
-0.623,-0.456,2.278,-11.047,33.325,3.235
-0.607,-0.414,2.224,-13.123,45.166,8.667
-0.590,-0.367,2.135,-14.038,60.547,10.925
-0.586,-0.317,2.007,-13.306,77.026,10.498
-0.550,-0.292,1.843,-10.681,93.628,8.179
-0.516,-0.293,1.688,-6.653,106.995,4.089
-0.464,-0.336,1.523,-8.179,115.601,-1.648
-0.397,-0.395,1.368,-18.127,122.925,-8.972
-0.338,-0.426,1.206,-34.851,132.629,-15.991
-0.278,-0.432,1.016,-51.880,141.846,-20.813
-0.211,-0.493,0.837,-58.716,145.996,-21.912
-0.144,-0.521,0.640,-57.312,146.912,-19.897
-0.098,-0.519,0.392,-51.453,141.602,-15.015
-0.056,-0.502,0.225,-40.222,122.192,-9.521
0.001,-0.454,0.123,-32.043,101.013,-2.563
0.027,-0.327,0.069,-33.569,87.585,7.751
0.035,-0.182,0.035,-42.419,84.106,17.273
0.029,-0.039,-0.010,-58.350,83.191,21.606
0.028,0.078,-0.015,-70.435,78.125,18.494
0.023,0.110,-0.020,-69.153,61.035,15.686
0.037,0.062,0.019,-57.983,40.283,13.977
0.073,-0.048,0.044,-46.631,23.987,10.620
0.134,-0.082,0.173,-37.964,32.593,5.554
0.155,-0.078,0.051,-31.128,60.120,2.930
0.178,-0.094,-0.115,-13.123,74.646,2.930
0.226,-0.084,-0.147,12.390,79.956,6.165
0.255,-0.069,-0.165,20.264,82.092,17.639
0.254,0.078,-0.367,6.714,69.031,33.203
0.279,0.134,-0.364,-0.732,33.936,43.274
0.282,0.123,-0.213,-6.470,-0.305,53.772
0.277,0.115,-0.104,-23.987,-21.118,71.472
0.276,0.388,-0.076,-38.025,-39.795,80.383
0.293,0.438,0.141,-22.278,-61.707,50.232
0.252,0.301,0.444,-3.357,-61.890,17.944
0.234,0.234,0.437,-18.860,-31.250,5.798
0.224,0.241,0.348,-35.706,-1.709,7.935
0.199,0.260,0.232,-27.588,5.005,9.705
0.181,0.201,0.281,-4.456,-15.320,8.240
0.157,0.177,0.428,8.972,-36.682,9.888
0.139,0.206,0.527,2.563,-49.438,12.451
0.099,0.218,0.631,-7.751,-54.688,9.644
0.063,0.169,0.741,-13.000,-58.289,2.563
0.037,0.100,0.847,-13.672,-59.448,-2.625
0.035,0.067,0.934,-11.414,-56.641,-2.808
0.038,0.052,0.984,-3.540,-49.927,0.977
0.042,0.048,1.001,9.583,-39.490,6.287
0.044,0.051,0.994,22.339,-28.931,10.498
0.043,0.064,0.968,29.053,-22.949,10.742
0.044,0.076,0.952,29.358,-21.179,9.155
0.040,0.081,0.959,24.658,-20.935,7.019
0.050,0.063,0.988,17.273,-22.156,3.540
0.038,0.050,1.000,10.498,-23.254,-0.061
0.021,0.046,1.019,8.484,-21.423,-2.869
0.018,0.025,1.030,10.376,-20.020,-3.357
0.016,-0.003,1.050,14.221,-19.653,-3.906
0.007,-0.025,1.061,17.151,-17.944,-4.272
-0.005,-0.043,1.056,17.273,-15.442,-4.089
-0.002,-0.058,1.041,15.991,-13.733,-3.906
0.006,-0.087,1.021,16.235,-13.367,-4.456
0.007,-0.116,1.001,18.250,-13.794,-4.639
0.007,-0.122,0.980,18.921,-14.526,-4.150
0.007,-0.122,0.953,17.517,-16.357,-2.136
-0.002,-0.116,0.953,16.235,-19.165,0.671
-0.021,-0.099,0.979,13.672,-23.682,2.991
-0.032,-0.073,1.009,10.742,-28.442,5.249
-0.045,-0.054,1.050,9.705,-31.433,6.104
-0.058,-0.051,1.089,9.094,-32.043,4.578
-0.073,-0.060,1.109,8.301,-29.724,2.563
-0.085,-0.070,1.106,7.446,-24.170,1.404
-0.087,-0.079,1.078,8.118,-17.029,1.099
-0.091,-0.084,1.041,10.681,-12.695,0.854
-0.088,-0.092,1.001,13.611,-10.681,1.526
-0.083,-0.091,0.982,14.221,-11.658,2.502
-0.080,-0.094,0.984,12.573,-16.296,3.967
-0.081,-0.073,1.002,8.972,-21.301,6.592
-0.093,-0.029,1.035,5.432,-25.024,9.033
-0.107,0.000,1.074,3.784,-27.283,9.033
-0.114,0.004,1.102,4.272,-26.978,6.104
-0.124,-0.011,1.122,5.432,-22.461,2.197
-0.131,-0.036,1.109,5.554,-15.930,-1.038
-0.130,-0.062,1.077,5.798,-9.827,-2.502
-0.123,-0.088,1.048,8.728,-6.653,-3.540
-0.111,-0.114,1.025,12.390,-5.798,-3.174
-0.098,-0.128,1.005,14.099,-5.615,-1.404
-0.090,-0.121,0.989,13.855,-6.226,0.854
-0.090,-0.111,0.978,12.756,-8.118,3.052
-0.099,-0.092,0.987,10.437,-10.681,4.578
-0.107,-0.078,1.003,7.019,-12.939,4.822
-0.109,-0.075,1.017,3.784,-12.573,3.723
-0.111,-0.078,1.018,2.075,-10.193,1.831
-0.111,-0.087,1.015,2.930,-7.324,0.732
-0.104,-0.100,1.007,5.432,-5.920,1.160
-0.094,-0.108,0.993,7.935,-4.578,2.502
-0.084,-0.105,0.961,10.193,-2.808,3.967
-0.069,-0.099,0.919,11.658,-1.404,5.005
-0.068,-0.099,0.886,11.108,-0.305,4.578
-0.060,-0.110,0.850,7.874,0.305,2.930
-0.058,-0.121,0.815,2.319,1.343,0.732
-0.044,-0.139,0.792,-4.089,2.747,-2.258
-0.022,-0.164,0.782,-10.803,1.465,-4.822
-0.000,-0.153,0.785,-16.174,-1.404,-5.066
-0.007,-0.111,0.812,-18.311,-7.507,-3.052
-0.032,-0.083,0.871,-16.418,-17.761,2.075
-0.059,-0.052,0.938,-13.367,-27.039,7.935
-0.084,-0.023,1.002,-11.780,-31.738,11.475
-0.106,-0.013,1.065,-11.292,-30.945,11.047
-0.125,-0.017,1.117,-12.634,-26.367,7.202
-0.130,-0.024,1.124,-16.235,-16.541,1.892
-0.127,-0.064,1.103,-17.212,-5.249,-2.869
-0.120,-0.115,1.059,-14.099,4.395,-6.226
-0.100,-0.152,0.998,-9.583,12.756,-7.996
-0.096,-0.151,0.938,-4.272,18.982,-8.301
-0.098,-0.139,0.889,0.793,18.372,-7.629
-0.374,-0.543,2.521,-2.625,-114.807,-0.244
-0.440,-0.516,2.865,-21.606,-96.497,9.399
-0.530,-0.412,3.034,-44.373,-64.331,16.479
-0.609,-0.376,3.116,-48.828,-32.898,12.024
-0.693,-0.415,3.155,-39.063,-3.235,2.441
-0.744,-0.467,3.073,-34.302,27.527,-3.052
-0.749,-0.514,2.890,-35.400,59.082,-5.981
-0.728,-0.596,2.667,-32.959,86.182,-9.460
-0.679,-0.664,2.430,-27.649,109.741,-11.230
-0.628,-0.662,2.134,-24.048,132.446,-6.836
-0.556,-0.584,1.785,-21.729,157.349,1.343
-0.480,-0.547,1.418,-18.799,175.476,7.141
-0.419,-0.577,1.100,-18.494,180.786,5.859
-0.367,-0.610,0.852,-27.649,181.946,2.808
-0.341,-0.557,0.589,-43.945,179.687,2.563
-0.334,-0.517,0.334,-49.500,157.654,6.470
-0.293,-0.530,0.287,-39.917,122.375,12.939
-0.260,-0.485,0.287,-38.635,98.145,22.888
-0.217,-0.369,0.225,-46.875,92.590,31.860
-0.200,-0.238,0.148,-50.232,93.506,37.231
-0.157,-0.118,0.047,-43.213,92.163,38.879
-0.120,-0.019,0.017,-28.198,95.947,40.710
-0.088,0.045,-0.033,-17.578,102.539,42.969
-0.078,0.112,-0.115,-24.902,109.192,45.166
-0.068,0.144,-0.312,-38.086,99.426,42.908
-0.049,0.117,-0.319,-38.330,72.815,31.982
-0.038,0.081,-0.196,-37.903,46.265,19.043
-0.010,0.034,-0.120,-45.166,33.447,13.794
0.021,0.029,-0.107,-48.340,31.982,14.099
0.052,0.020,-0.098,-37.781,31.311,15.808
0.098,0.027,-0.084,-22.400,32.715,19.714
0.142,0.104,-0.135,-14.099,37.354,27.832
0.161,0.164,-0.110,-10.376,44.800,39.856
0.181,0.174,-0.130,-12.085,42.664,56.213
0.154,0.135,-0.146,-16.296,28.687,72.571
0.228,0.427,-0.117,-17.761,4.211,73.120
0.207,0.482,0.036,-8.972,-24.780,43.579
0.207,0.339,0.160,-2.625,-51.147,13.367
0.206,0.216,0.390,-14.771,-41.443,-2.991
0.182,0.166,0.403,-34.241,-18.311,-5.493
0.167,0.149,0.416,-35.767,-6.226,-5.188
0.143,0.122,0.409,-22.705,-9.277,-3.052
0.129,0.120,0.508,-5.432,-22.644,0.916
0.112,0.182,0.597,1.709,-33.630,7.996
0.086,0.258,0.694,2.075,-43.518,10.498
0.060,0.286,0.803,1.526,-50.354,6.470
0.034,0.264,0.919,-0.732,-49.072,-0.977
0.012,0.233,0.984,-6.531,-38.391,-6.897
0.009,0.172,1.001,-8.484,-25.757,-11.841
0.018,0.104,0.993,-2.625,-14.221,-15.259
0.044,0.048,0.962,6.836,-5.554,-15.564
0.066,0.022,0.907,16.663,0.366,-12.146
0.085,0.028,0.842,23.376,2.441,-7.080
0.097,0.026,0.826,26.245,-1.099,-4.395
0.102,0.025,0.831,24.170,-7.202,-4.639
0.101,0.025,0.856,17.883,-10.254,-5.920
0.087,0.016,0.898,12.329,-13.916,-8.362
0.071,0.007,0.953,9.277,-18.860,-10.437
0.067,-0.001,0.998,8.423,-21.606,-11.719
0.068,-0.017,1.016,9.827,-19.470,-12.695
0.067,-0.045,1.015,12.695,-12.146,-13.245
0.078,-0.065,0.979,16.296,-4.700,-13.306
0.090,-0.085,0.928,20.569,0.305,-12.512
0.104,-0.106,0.880,23.682,1.099,-11.780
0.119,-0.127,0.843,23.560,-0.916,-10.376
0.129,-0.130,0.827,21.240,-4.700,-9.033
0.141,-0.128,0.811,16.663,-8.179,-7.141
0.139,-0.124,0.824,11.902,-12.268,-6.165
0.124,-0.105,0.853,5.615,-16.663,-7.019
0.106,-0.084,0.892,-1.221,-20.996,-7.690
0.073,-0.051,0.937,-4.944,-25.452,-7.629
0.064,-0.031,0.981,-3.662,-28.259,-7.080
0.060,-0.018,1.017,1.709,-28.687,-6.592
0.051,-0.014,1.046,6.104,-26.611,-6.958
0.041,-0.011,1.065,7.080,-23.621,-8.423
0.035,-0.029,1.069,5.981,-20.447,-10.315
0.026,-0.056,1.064,3.967,-17.212,-12.634
0.011,-0.084,1.061,1.831,-15.381,-14.160
0.011,-0.097,1.048,-0.061,-13.794,-13.855
0.012,-0.098,1.030,-0.427,-12.512,-11.841
0.021,-0.103,1.000,2.197,-10.864,-9.644
0.031,-0.109,0.978,7.080,-9.583,-7.568
0.038,-0.111,0.954,10.498,-9.460,-5.920
0.043,-0.098,0.927,11.169,-9.094,-4.395
0.049,-0.090,0.910,10.437,-10.376,-3.906
0.047,-0.090,0.912,8.240,-13.367,-4.395
0.041,-0.095,0.925,4.395,-16.602,-4.883
0.025,-0.096,0.956,1.160,-19.836,-5.310
0.015,-0.101,0.984,-0.488,-22.034,-5.371
0.013,-0.100,1.000,0.549,-22.522,-4.578
0.005,-0.099,1.012,3.174,-21.240,-3.174
-0.001,-0.079,1.018,5.310,-19.043,-0.854
0.002,-0.057,1.012,6.592,-17.456,0.916
0.006,-0.053,1.006,8.240,-15.808,1.160
0.009,-0.055,1.001,9.216,-14.282,-0.305
0.008,-0.049,0.990,8.118,-13.062,-1.221
0.008,-0.055,0.986,7.141,-13.306,-1.831
0.003,-0.069,1.001,6.714,-15.747,-3.479
0.000,-0.085,1.003,5.554,-16.174,-4.395
-0.014,-0.100,1.021,4.578,-15.991,-4.700
-0.027,-0.115,1.031,4.333,-16.052,-4.944
-0.038,-0.122,1.039,5.371,-14.343,-4.333
-0.035,-0.135,1.035,6.775,-13.123,-3.235
-0.028,-0.129,1.022,8.179,-11.597,-1.282
-0.020,-0.117,1.006,9.766,-9.949,1.526
-0.021,-0.088,0.996,11.841,-9.155,4.395
-0.022,-0.065,0.998,13.245,-10.498,6.104
-0.026,-0.050,1.005,13.184,-13.184,5.005
-0.037,-0.035,1.023,11.963,-13.611,2.991
-0.051,-0.044,1.047,10.193,-14.465,0.610
-0.059,-0.063,1.054,7.507,-13.916,-2.441
-0.069,-0.089,1.051,4.883,-10.498,-4.761
-0.070,-0.113,1.035,2.625,-7.446,-5.615
-0.069,-0.117,1.016,2.991,-4.883,-5.371
-0.060,-0.120,0.998,6.287,-3.845,-4.150
-0.044,-0.126,0.980,11.475,-3.845,-1.892
-0.033,-0.126,0.967,15.808,-4.395,1.282
-0.032,-0.110,0.945,17.334,-4.150,3.784
-0.039,-0.088,0.935,17.090,-4.089,4.639
-0.498,-0.334,1.983,-5.676,-33.997,0.000
-0.529,-0.365,2.090,-4.761,-26.245,-0.366
-0.569,-0.369,2.192,-0.183,-15.259,2.441
-0.572,-0.378,2.249,6.348,-0.916,7.202
-0.578,-0.415,2.278,13.306,14.893,9.766
-0.594,-0.461,2.285,16.174,32.593,9.705
-0.620,-0.499,2.281,10.681,46.448,9.705
-0.652,-0.536,2.306,1.099,53.711,10.376
-0.697,-0.570,2.360,-10.193,57.922,11.230
-0.720,-0.581,2.390,-21.973,64.697,12.146
-0.736,-0.590,2.359,-30.396,78.064,13.123
-0.731,-0.626,2.264,-33.997,96.436,11.230
-0.712,-0.659,2.094,-36.804,115.906,8.850
-0.685,-0.651,1.905,-41.077,135.620,7.568
-0.634,-0.669,1.685,-45.349,147.217,6.714
-0.561,-0.698,1.467,-46.936,150.513,6.775
-0.521,-0.662,1.255,-48.035,153.198,11.841
-0.467,-0.586,1.046,-50.110,160.339,18.372
-0.407,-0.549,0.832,-52.063,169.922,20.630
-0.348,-0.496,0.637,-52.734,180.969,18.127
-0.302,-0.446,0.288,-49.500,181.335,16.541
-0.202,-0.457,0.032,-36.987,167.419,14.343
-0.126,-0.469,-0.044,-24.414,163.574,12.817
-0.095,-0.441,-0.206,-30.151,171.265,16.724
-0.049,-0.289,-0.637,-54.382,169.678,23.865
-0.010,-0.210,-0.801,-59.265,143.433,25.024
0.043,-0.135,-0.850,-57.739,105.164,26.794
0.118,-0.006,-0.869,-62.927,77.698,33.020
0.192,0.148,-0.888,-62.927,63.599,37.720
0.252,0.200,-0.907,-50.903,55.603,39.795
0.322,0.197,-0.935,-35.950,51.270,44.861
0.353,0.203,-0.973,-28.381,44.800,51.758
0.361,0.207,-0.938,-28.503,29.846,59.448
0.343,0.159,-0.821,-34.790,3.540,66.162
0.364,0.314,-0.640,-41.687,-19.592,66.956
0.338,0.387,-0.380,-40.466,-41.626,52.795
0.300,0.446,-0.109,-34.241,-54.871,33.020
0.244,0.411,0.016,-29.114,-63.599,18.005
0.214,0.391,0.164,-21.973,-71.350,13.611
0.188,0.451,0.448,-13.184,-68.420,17.517
0.155,0.473,0.584,-7.202,-60.974,16.846
0.131,0.406,0.714,0.610,-52.429,7.385
0.107,0.290,0.806,3.845,-42.908,-2.808
0.089,0.173,0.862,2.319,-34.668,-7.874
0.090,0.085,0.900,0.732,-28.748,-8.850
0.085,0.038,0.925,2.441,-24.109,-7.202
0.088,0.002,0.931,8.850,-18.860,-4.333
0.099,-0.019,0.927,18.311,-14.587,0.488
0.103,-0.002,0.912,24.719,-13.184,6.226
0.111,0.032,0.921,26.245,-15.076,10.437
0.114,0.075,0.952,24.719,-19.287,11.353
0.100,0.096,1.004,21.729,-22.522,8.850
0.092,0.087,1.050,17.700,-25.391,3.235
0.099,0.045,1.071,14.465,-22.888,-2.197
0.097,-0.001,1.066,12.695,-14.587,-5.676
0.104,-0.028,1.012,12.024,-5.798,-6.836
0.116,-0.031,0.919,13.367,0.488,-6.470
0.122,-0.042,0.862,15.564,0.366,-5.920
0.117,-0.039,0.833,14.038,-4.761,-5.310
0.107,-0.028,0.827,10.193,-11.047,-4.272
0.097,-0.028,0.859,7.019,-16.968,-4.456
0.084,-0.051,0.905,3.723,-20.813,-6.531
0.067,-0.080,0.939,-1.465,-21.667,-9.216
0.058,-0.095,0.963,-5.920,-22.583,-10.742
0.049,-0.092,0.994,-6.409,-22.400,-9.705
0.032,-0.085,1.028,-2.930,-23.193,-6.897
0.023,-0.068,1.051,0.427,-23.682,-4.272
0.027,-0.055,1.071,3.296,-21.362,-2.319
0.025,-0.042,1.081,5.920,-18.677,-1.709
0.027,-0.026,1.074,8.362,-15.320,-0.793
0.027,-0.011,1.058,10.864,-11.780,-0.061
0.036,-0.016,1.038,11.658,-10.559,-1.465
0.038,-0.030,1.022,10.559,-10.437,-3.784
0.040,-0.046,1.007,7.568,-9.827,-5.127
0.046,-0.065,1.000,4.272,-10.437,-5.493
0.046,-0.073,0.995,1.648,-11.353,-5.615
0.045,-0.081,1.001,0.427,-12.329,-5.127
0.051,-0.084,1.011,-0.488,-13.428,-4.578
0.060,-0.091,1.019,-0.854,-13.672,-4.028
0.063,-0.093,1.017,-0.061,-12.451,-3.540
0.053,-0.079,1.005,1.526,-10.620,-1.831
0.048,-0.067,1.000,3.540,-10.925,0.000
0.042,-0.058,1.005,4.578,-12.329,0.854
0.041,-0.042,1.002,2.930,-12.451,0.427
0.044,-0.039,0.996,1.648,-10.742,-1.160
0.043,-0.060,0.980,2.136,-9.094,-3.540
0.044,-0.093,0.957,1.892,-7.751,-5.310
0.045,-0.102,0.946,-0.549,-7.324,-5.859
0.047,-0.095,0.948,-3.296,-8.972,-4.700
0.044,-0.079,0.967,-3.723,-12.695,-2.014
0.039,-0.058,0.999,-1.099,-15.259,0.610
0.036,-0.034,1.011,2.563,-15.808,2.197
0.029,-0.019,1.017,6.042,-13.977,2.563
0.021,-0.007,1.007,8.179,-10.803,2.136
0.024,-0.006,0.989,8.423,-8.484,0.916
0.027,-0.025,0.976,7.446,-7.996,-1.526
0.027,-0.055,0.981,5.554,-8.484,-3.906
0.033,-0.080,0.981,3.174,-8.057,-4.517
0.038,-0.098,0.981,3.296,-7.385,-3.967
0.039,-0.109,0.973,6.165,-6.653,-2.075
0.036,-0.105,0.954,9.216,-5.432,0.549
0.047,-0.096,0.916,11.780,-4.700,3.113
0.042,-0.076,0.903,13.245,-5.188,4.761
0.038,-0.056,0.908,12.146,-8.179,5.310
0.033,-0.030,0.914,7.812,-9.705,5.188
0.022,-0.015,0.921,3.479,-10.376,2.930
0.010,-0.010,0.940,-0.427,-11.414,0.061
0.004,-0.021,0.952,-2.991,-11.841,-2.014
-0.002,-0.033,0.966,-2.686,-11.108,-3.113
-0.008,-0.044,0.981,0.427,-10.376,-2.930
-0.003,-0.049,0.985,4.578,-10.254,-0.916
-0.001,-0.058,1.001,9.277,-8.789,0.854
0.000,-0.069,1.008,11.841,-8.362,1.343
-0.018,-0.046,1.004,10.193,-5.859,1.587
-0.014,-0.042,0.990,8.545,-4.150,1.343
-0.000,-0.067,0.988,10.071,-5.615,-0.610
0.004,-0.093,0.982,10.376,-5.005,-2.380
0.008,-0.104,0.959,7.996,-3.235,-2.625
0.003,-0.097,0.935,5.737,-3.357,-2.075
-0.362,-0.462,2.450,31.555,-95.764,-1.953
-0.461,-0.545,2.877,18.738,-100.708,-1.587
-0.588,-0.570,3.245,-9.094,-87.524,0.305
-0.717,-0.573,3.505,-36.438,-62.622,-0.793
-0.831,-0.569,3.627,-51.392,-26.184,-2.869
-0.903,-0.566,3.571,-54.138,20.752,-3.784
-0.911,-0.576,3.341,-48.950,68.665,-3.662
-0.878,-0.591,2.987,-40.588,112.854,-2.258
-0.809,-0.589,2.578,-32.898,146.118,-0.244
-0.740,-0.555,2.187,-26.184,168.762,3.845
-0.653,-0.458,1.802,-22.827,186.340,10.620
-0.562,-0.331,1.402,-21.545,196.106,17.944
-0.498,-0.250,1.067,-19.104,197.266,20.813
-0.417,-0.228,0.804,-22.278,195.435,16.479
-0.364,-0.245,0.593,-32.898,191.956,4.944
-0.357,-0.321,0.267,-46.692,176.880,-7.996
-0.299,-0.381,0.214,-52.734,158.508,-16.724
-0.283,-0.444,0.137,-59.082,144.165,-13.062
-0.273,-0.420,-0.024,-69.214,130.310,-3.418
-0.238,-0.344,-0.080,-72.266,124.756,6.409
-0.224,-0.257,-0.183,-66.833,117.188,13.184
-0.225,-0.165,-0.202,-59.265,101.746,15.930
-0.214,-0.048,-0.220,-58.960,91.797,20.081
-0.177,0.055,-0.249,-63.538,84.106,22.095
-0.130,0.112,-0.278,-64.453,75.928,17.395
-0.076,0.120,-0.321,-59.082,73.486,10.925
-0.033,0.115,-0.391,-49.316,72.693,6.775
0.017,0.123,-0.475,-38.086,70.435,8.545
0.075,0.158,-0.545,-26.733,65.002,13.306
0.128,0.181,-0.563,-17.944,55.725,19.226
0.177,0.179,-0.544,-15.869,41.870,25.085
0.212,0.159,-0.507,-18.616,28.259,30.640
0.242,0.172,-0.459,-22.034,15.991,36.926
0.269,0.178,-0.423,-21.362,7.080,46.326
0.243,0.176,-0.388,-16.174,2.808,59.692
0.320,0.292,-0.406,-10.315,-3.052,67.993
0.318,0.549,-0.326,0.916,-16.907,48.889
0.266,0.479,-0.131,13.794,-32.654,16.663
0.239,0.348,-0.066,1.892,-38.757,-3.906
0.226,0.251,-0.030,-14.404,-44.006,-11.230
0.205,0.181,0.065,-13.123,-58.655,-12.634
0.153,0.198,0.153,-0.366,-84.839,-8.728
0.151,0.182,0.485,14.221,-104.126,-0.549
0.145,0.255,0.621,14.709,-102.051,8.179
0.116,0.317,0.774,15.686,-93.323,6.958
0.083,0.303,0.877,19.958,-78.064,-0.732
0.060,0.238,0.922,24.109,-63.416,-8.545
0.048,0.161,0.938,28.137,-52.429,-13.794
0.054,0.093,0.955,32.349,-46.265,-15.442
0.059,0.022,0.990,35.461,-46.692,-16.418
0.063,-0.031,1.033,35.767,-48.706,-17.822
0.056,-0.066,1.067,33.691,-49.072,-19.226
0.052,-0.086,1.105,32.532,-48.950,-19.897
0.046,-0.114,1.150,33.630,-47.546,-18.616
0.043,-0.126,1.172,36.560,-44.861,-16.541
0.043,-0.140,1.179,39.917,-39.734,-13.550
0.033,-0.151,1.173,40.894,-34.546,-10.864
0.034,-0.163,1.156,38.391,-29.968,-10.376
0.033,-0.188,1.152,34.668,-28.198,-11.719
0.022,-0.211,1.171,31.372,-28.748,-13.794
0.014,-0.220,1.178,28.625,-31.311,-15.137
0.006,-0.241,1.195,28.442,-32.593,-14.404
-0.009,-0.245,1.207,28.931,-32.349,-12.512
-0.026,-0.242,1.216,26.245,-31.982,-9.888
-0.041,-0.219,1.224,21.423,-29.297,-6.775
-0.049,-0.204,1.228,16.846,-26.123,-4.211
-0.052,-0.188,1.222,14.587,-23.865,-2.625
-0.057,-0.169,1.207,15.137,-22.034,-1.770
-0.056,-0.155,1.201,15.747,-19.836,-1.099
-0.047,-0.148,1.175,16.846,-18.799,-0.244
-0.050,-0.138,1.158,20.691,-15.991,0.977
-0.046,-0.133,1.122,23.193,-14.709,1.892
-0.045,-0.122,1.092,23.437,-12.878,2.380
-0.052,-0.120,1.066,21.667,-12.268,0.671
-0.054,-0.125,1.049,17.212,-12.390,-2.075
-0.053,-0.143,1.030,12.146,-11.841,-4.395
-0.058,-0.160,1.034,8.606,-11.475,-6.226
-0.057,-0.183,1.037,5.859,-11.658,-7.507
-0.060,-0.186,1.044,4.578,-10.864,-7.507
-0.064,-0.178,1.041,5.676,-11.536,-6.531
-0.065,-0.173,1.047,9.949,-14.221,-5.615
-0.074,-0.168,1.056,15.442,-18.982,-4.761
-0.087,-0.181,1.085,18.066,-21.362,-1.343
-0.083,-0.166,1.090,13.123,-21.912,3.235
-0.078,-0.138,1.091,7.324,-19.470,5.127
-0.081,-0.134,1.098,4.883,-16.602,3.052
-0.089,-0.137,1.083,4.333,-12.085,0.610
-0.091,-0.135,1.060,4.333,-7.996,0.183
-0.088,-0.138,1.047,5.310,-7.996,0.793
-0.091,-0.148,1.058,7.935,-9.399,1.404
-0.096,-0.151,1.070,10.803,-10.986,2.808
-0.097,-0.144,1.078,12.390,-10.437,4.822
-0.094,-0.142,1.063,12.817,-9.033,5.005
-0.098,-0.141,1.057,12.085,-6.287,3.906
-0.102,-0.152,1.037,9.521,-4.761,2.136
-0.097,-0.150,1.019,5.554,-4.089,1.221
-0.101,-0.149,1.008,2.502,-4.150,0.732
-0.104,-0.150,1.004,0.916,-4.578,0.244
-0.100,-0.153,1.001,1.343,-4.883,0.549
-0.099,-0.158,0.993,3.662,-4.211,0.854
-0.094,-0.161,0.985,7.019,-3.418,1.404
-0.087,-0.167,0.954,9.277,-3.296,2.136
-0.086,-0.159,0.935,10.132,-2.136,2.319
-0.087,-0.177,0.927,9.216,-2.930,1.343
-0.085,-0.189,0.920,6.042,-4.944,0.732
-0.094,-0.166,0.924,2.625,-5.066,1.770
-0.099,-0.162,0.930,1.648,-7.507,3.235
-0.101,-0.158,0.937,2.991,-10.986,4.517
-0.105,-0.143,0.949,4.822,-11.047,5.920
-0.104,-0.136,0.954,6.104,-11.597,6.470
-0.104,-0.129,0.954,6.958,-10.925,5.676
-0.108,-0.141,0.959,8.301,-9.583,4.639
-0.103,-0.160,0.949,7.690,-9.460,3.113
-0.107,-0.173,0.944,6.226,-7.812,2.014
-0.112,-0.192,0.934,4.211,-7.324,1.099
-0.119,-0.182,0.928,2.502,-7.446,1.221
-0.126,-0.166,0.930,1.709,-8.179,2.625
-0.130,-0.168,0.942,2.258,-11.414,3.784
-0.130,-0.153,0.946,2.258,-14.038,5.310
-0.394,-0.386,1.714,-39.307,61.401,5.310
-0.401,-0.392,1.668,-38.452,71.350,7.263
-0.403,-0.391,1.612,-39.917,78.857,7.568
-0.405,-0.378,1.537,-45.593,85.754,7.996
-0.395,-0.374,1.462,-53.284,92.285,7.019
-0.385,-0.376,1.398,-61.279,97.168,4.700
-0.364,-0.362,1.323,-68.237,103.577,4.211
-0.336,-0.341,1.230,-69.214,111.694,5.432
-0.308,-0.324,1.118,-63.660,118.958,6.897
-0.269,-0.319,0.979,-56.396,125.122,8.728
-0.237,-0.307,0.838,-52.063,131.531,10.986
-0.208,-0.283,0.711,-50.720,134.155,14.832
-0.167,-0.231,0.583,-52.551,130.432,18.799
-0.138,-0.170,0.456,-52.612,120.178,22.034
-0.098,-0.126,0.409,-50.293,105.957,23.071
-0.058,-0.084,0.369,-51.086,97.290,23.499
-0.019,-0.018,0.283,-53.589,96.741,24.048
0.021,0.021,0.180,-50.354,97.534,24.048
0.053,0.043,0.089,-40.833,94.238,22.949
0.083,0.043,0.036,-32.715,89.966,22.888
0.101,0.058,0.019,-37.354,90.515,27.039
0.122,0.058,-0.041,-50.171,88.013,33.264
0.130,0.086,-0.072,-54.260,77.271,37.659
0.137,0.112,-0.061,-46.631,55.725,39.307
0.156,0.129,-0.020,-37.781,30.518,42.053
0.161,0.052,0.039,-34.607,12.878,49.988
0.221,0.297,0.110,-35.217,5.432,50.049
0.214,0.372,0.220,-27.039,11.902,31.555
0.206,0.344,0.228,-20.813,20.752,14.587
0.215,0.273,0.182,-19.958,31.372,5.432
0.221,0.251,0.106,-19.409,33.020,3.357
0.217,0.241,0.118,-13.733,21.301,4.395
0.226,0.247,0.203,-6.287,6.104,7.080
0.240,0.284,0.276,-3.723,-3.052,8.850
0.239,0.311,0.320,-1.526,-5.310,7.385
0.249,0.302,0.343,2.380,-5.615,3.296
0.267,0.265,0.340,5.371,-4.822,-0.732
0.271,0.243,0.319,6.958,-4.761,-2.686
0.277,0.236,0.317,9.033,-8.545,-1.892
0.284,0.242,0.338,11.292,-15.747,-0.427
0.281,0.245,0.382,12.939,-24.048,-0.977
0.269,0.235,0.434,12.695,-30.640,-3.479
0.248,0.220,0.492,10.559,-36.255,-5.737
0.226,0.197,0.563,8.423,-43.030,-8.606
0.203,0.171,0.645,7.568,-50.720,-11.414
0.177,0.147,0.740,7.874,-55.542,-12.878
0.156,0.134,0.823,8.850,-56.152,-13.184
0.142,0.125,0.887,11.414,-51.697,-12.573
0.133,0.110,0.915,16.602,-43.884,-12.451
0.126,0.083,0.909,22.522,-33.569,-12.634
0.129,0.060,0.855,27.649,-24.170,-13.245
0.135,0.028,0.813,32.043,-19.043,-13.611
0.144,-0.015,0.781,33.936,-19.470,-13.977
0.146,-0.040,0.766,32.898,-21.179,-13.672
0.149,-0.062,0.778,30.579,-25.635,-12.085
0.151,-0.076,0.800,28.931,-31.982,-9.521
0.141,-0.068,0.849,29.358,-36.621,-5.859
0.139,-0.039,0.872,29.663,-40.344,-2.930
0.122,-0.001,0.912,29.419,-40.894,-0.488
0.103,0.021,0.955,27.893,-41.809,-0.610
0.097,0.029,0.981,25.818,-43.579,-2.808
0.077,0.010,1.020,25.208,-41.809,-5.371
0.067,-0.016,1.030,24.475,-38.818,-7.812
0.056,-0.048,1.039,23.926,-34.546,-8.667
0.055,-0.070,1.033,24.780,-31.494,-8.118
0.053,-0.085,1.022,27.527,-29.419,-6.653
0.049,-0.090,1.017,30.640,-29.663,-4.639
0.062,-0.089,1.038,32.227,-32.837,-2.380
0.068,-0.070,1.042,30.945,-34.729,0.854
0.054,-0.038,1.058,29.297,-33.691,2.625
0.030,-0.009,1.070,26.489,-33.142,1.892
0.011,-0.006,1.089,23.315,-32.776,-0.488
0.002,-0.026,1.124,19.043,-34.607,-3.967
-0.005,-0.046,1.149,14.893,-35.889,-6.226
-0.013,-0.053,1.181,13.367,-34.973,-6.714
-0.017,-0.047,1.191,14.160,-32.227,-5.859
-0.018,-0.043,1.195,18.311,-26.306,-4.700
-0.020,-0.046,1.177,22.034,-21.301,-4.395
-0.021,-0.053,1.150,23.193,-16.968,-4.883
-0.023,-0.069,1.132,22.095,-15.320,-6.042
-0.018,-0.086,1.108,20.386,-14.709,-6.775
-0.019,-0.107,1.097,19.653,-13.367,-7.263
-0.016,-0.134,1.078,19.226,-13.367,-7.629
-0.023,-0.133,1.060,17.456,-12.024,-6.653
-0.033,-0.122,1.037,15.381,-11.719,-5.371
-0.030,-0.117,1.035,15.503,-13.245,-3.540
-0.037,-0.117,1.042,15.930,-15.869,-2.075
-0.043,-0.102,1.048,15.869,-15.015,-0.854
-0.041,-0.098,1.060,16.968,-14.893,0.122
-0.037,-0.097,1.063,18.127,-14.893,0.000
-0.039,-0.088,1.062,18.433,-12.878,-0.549
-0.038,-0.090,1.059,17.944,-11.963,-1.160
-0.033,-0.086,1.033,17.273,-10.132,-1.587
-0.033,-0.097,1.009,18.372,-7.996,-2.380
-0.034,-0.125,1.004,19.470,-8.972,-3.906
-0.032,-0.144,1.002,18.066,-10.437,-4.395
-0.038,-0.152,1.001,15.808,-10.681,-4.028
-0.041,-0.156,1.001,15.015,-11.169,-3.052
-0.041,-0.166,1.002,15.198,-12.329,-1.892
-0.049,-0.156,1.007,15.625,-13.184,-0.305
-0.057,-0.133,1.008,15.564,-13.550,2.014
-0.057,-0.122,1.006,16.479,-14.648,3.784
-0.062,-0.107,1.015,17.517,-14.771,3.479
-0.061,-0.111,1.018,16.418,-14.160,2.258
-0.064,-0.128,1.016,14.099,-13.123,-0.427
-0.066,-0.142,1.009,11.536,-10.925,-2.502
-0.068,-0.150,1.002,10.315,-9.399,-2.625
-0.069,-0.153,0.993,10.681,-8.789,-2.380
-0.070,-0.155,0.984,12.390,-8.179,-1.953
-0.058,-0.156,0.963,13.672,-8.118,-1.343
-0.057,-0.146,0.950,15.381,-7.690,-0.366
-0.061,-0.148,0.948,16.785,-9.705,-0.061
-0.068,-0.156,0.962,16.602,-13.123,-0.061
-0.072,-0.165,0.978,13.855,-15.686,0.000
-0.081,-0.167,0.997,10.315,-16.357,0.183
-0.082,-0.169,1.003,7.568,-16.296,0.000
-0.088,-0.169,1.008,7.141,-14.893,-0.305
-0.093,-0.171,1.005,7.874,-12.878,-0.916
-0.095,-0.164,1.000,8.789,-11.047,-1.404
-0.292,-0.255,2.138,-8.484,-26.978,-4.700
-0.336,-0.271,2.277,-8.179,-13.794,-6.653
-0.366,-0.283,2.350,-6.775,5.615,-8.911
-0.378,-0.296,2.364,-5.005,29.663,-9.705
-0.387,-0.330,2.330,-2.319,51.575,-10.681
-0.395,-0.377,2.258,-1.404,72.388,-12.512
-0.406,-0.413,2.139,-3.906,92.529,-14.771
-0.414,-0.436,1.990,-6.836,109.070,-15.686
-0.412,-0.457,1.854,-7.507,119.751,-14.282
-0.398,-0.459,1.732,-8.484,125.549,-12.024
-0.384,-0.442,1.617,-11.047,131.042,-8.972
-0.374,-0.457,1.527,-12.695,133.728,-7.080
-0.372,-0.499,1.448,-14.893,133.789,-7.874
-0.364,-0.516,1.348,-19.653,137.817,-7.751
-0.346,-0.553,1.197,-23.682,142.334,-4.822
-0.346,-0.526,1.061,-23.926,147.400,1.587
-0.331,-0.457,0.917,-23.926,151.245,11.597
-0.299,-0.378,0.765,-23.743,151.184,20.203
-0.263,-0.331,0.633,-22.034,149.109,23.315
-0.228,-0.283,0.437,-21.790,142.761,23.132
-0.203,-0.222,0.320,-21.362,131.104,24.353
-0.166,-0.197,0.274,-20.813,114.319,26.306
-0.120,-0.170,0.255,-24.902,101.318,28.198
-0.085,-0.129,0.228,-32.288,94.910,29.846
-0.058,-0.075,0.187,-37.231,91.614,30.640
-0.035,-0.043,0.160,-36.316,87.891,30.701
0.002,-0.031,0.141,-33.691,81.543,29.968
0.043,-0.009,0.126,-32.349,76.111,30.273
0.057,0.046,0.100,-32.776,71.533,32.715
0.095,0.091,0.106,-32.288,65.918,36.926
0.114,0.114,0.138,-31.494,57.495,43.457
0.123,0.141,0.192,-33.630,50.293,53.955
0.142,0.138,0.220,-38.818,45.654,68.298
0.208,0.114,0.181,-41.016,43.457,80.811
0.238,0.430,0.219,-30.762,38.513,60.730
0.221,0.344,0.287,-6.897,29.785,24.902
0.247,0.172,0.295,-7.324,34.180,3.235
0.292,0.093,0.193,-27.588,46.021,0.793
0.295,0.110,0.067,-36.255,47.424,4.456
0.308,0.131,0.057,-24.292,31.372,9.583
0.346,0.151,0.119,-8.667,13.672,15.198
0.367,0.189,0.166,-6.165,5.371,17.334
0.375,0.211,0.191,-12.207,2.502,14.221
0.385,0.191,0.206,-18.677,0.122,8.240
0.387,0.151,0.231,-21.118,-4.028,3.967
0.382,0.130,0.270,-19.592,-9.216,3.906
0.373,0.144,0.309,-16.357,-15.625,6.714
0.362,0.180,0.354,-11.780,-21.912,9.460
0.346,0.206,0.416,-7.324,-28.137,9.827
0.335,0.224,0.465,-7.080,-31.921,8.423
0.330,0.227,0.507,-9.155,-33.386,5.920
0.326,0.203,0.538,-8.850,-35.217,1.892
0.319,0.168,0.571,-5.432,-36.072,-0.793
0.313,0.149,0.595,-0.061,-36.072,-0.122
0.309,0.160,0.617,5.615,-35.278,2.625
0.303,0.179,0.626,9.766,-34.729,4.211
0.295,0.182,0.636,11.475,-35.278,2.869
0.286,0.166,0.661,10.498,-37.720,-0.793
0.276,0.147,0.687,8.118,-41.870,-3.967
0.263,0.132,0.716,6.226,-46.448,-5.127
0.247,0.112,0.758,5.981,-50.171,-5.615
0.233,0.079,0.806,7.507,-52.917,-6.653
0.220,0.044,0.850,9.094,-53.406,-7.385
0.205,0.018,0.893,10.254,-52.124,-7.080
0.193,0.005,0.923,11.597,-50.110,-6.226
0.191,-0.000,0.939,14.343,-47.791,-4.761
0.189,-0.013,0.953,17.700,-44.678,-3.723
0.179,-0.028,0.965,19.287,-42.725,-3.113
0.169,-0.030,0.967,18.311,-41.809,-2.563
0.162,-0.024,0.971,16.174,-41.382,-1.648
0.149,-0.018,0.987,14.771,-41.809,-0.854
0.137,-0.007,1.001,14.160,-42.786,-0.366
0.131,-0.005,1.014,14.038,-42.480,-0.183
0.126,-0.009,1.029,14.587,-40.710,-0.610
0.123,-0.012,1.031,15.625,-38.818,-0.671
0.120,-0.008,1.028,17.395,-36.499,0.000
0.107,-0.001,1.032,19.958,-34.485,0.793
0.093,-0.002,1.043,22.339,-33.936,0.977
0.082,-0.012,1.050,23.926,-32.959,0.244
0.076,-0.028,1.045,23.437,-30.457,-0.916
0.080,-0.044,1.029,21.851,-27.405,-2.319
0.087,-0.058,1.001,20.935,-24.780,-3.113
0.091,-0.056,0.983,21.729,-23.315,-2.258
0.089,-0.046,0.975,23.315,-25.208,0.488
0.082,-0.031,0.994,25.146,-29.053,3.357
0.069,-0.008,1.015,23.437,-32.349,3.601
0.049,0.001,1.044,19.043,-33.508,1.160
0.033,-0.011,1.065,14.465,-31.982,-2.258
0.030,-0.036,1.065,12.085,-28.931,-4.395
0.025,-0.059,1.062,13.489,-25.757,-4.822
0.033,-0.077,1.046,16.052,-23.376,-4.150
0.036,-0.079,1.033,18.677,-22.095,-1.953
0.037,-0.070,1.016,20.264,-22.522,0.549
0.045,-0.059,1.013,20.508,-23.437,2.197
0.035,-0.057,1.029,18.433,-25.146,1.343
0.021,-0.051,1.044,13.611,-26.306,-0.732
0.006,-0.059,1.057,9.277,-25.635,-2.441
-0.003,-0.075,1.069,7.385,-25.208,-3.967
-0.011,-0.083,1.081,7.874,-25.024,-4.272
-0.011,-0.086,1.084,10.681,-24.353,-3.296
-0.009,-0.089,1.088,15.015,-22.644,-1.465
-0.006,-0.080,1.082,17.883,-20.874,0.732
0.000,-0.066,1.054,18.494,-18.372,2.075
0.001,-0.066,1.024,18.250,-15.747,1.038
-0.005,-0.082,1.006,16.113,-15.686,-2.319
-0.012,-0.102,1.005,11.658,-17.090,-4.211
-0.021,-0.107,1.008,6.042,-18.433,-4.333
-0.026,-0.109,1.018,2.869,-19.836,-3.967
-0.030,-0.123,1.026,3.906,-20.996,-3.601
-0.033,-0.124,1.022,6.836,-19.714,-2.808
-0.033,-0.115,1.003,9.277,-17.395,-0.793
-0.027,-0.105,0.976,11.230,-15.503,1.526
-0.026,-0.097,0.968,11.902,-16.663,1.709
-0.029,-0.089,0.985,10.010,-20.264,1.465
-0.036,-0.071,1.002,6.470,-22.278,1.831
-0.041,-0.058,1.015,4.089,-22.522,1.282
-0.050,-0.064,1.025,5.249,-21.301,-0.732
-0.060,-0.083,1.023,7.019,-19.470,-2.502
-0.065,-0.104,1.014,7.812,-17.334,-2.747
-0.411,-0.330,1.798,-6.348,-9.705,-0.854
-0.421,-0.338,1.762,-10.498,1.404,-1.648
-0.426,-0.378,1.755,-11.475,6.531,-3.662
-0.423,-0.430,1.803,-14.160,5.981,-3.906
-0.450,-0.438,1.865,-19.714,5.432,-1.526
-0.464,-0.417,1.917,-25.330,6.775,2.319
-0.466,-0.390,1.946,-26.855,10.498,7.019
-0.476,-0.376,1.984,-24.170,19.104,10.681
-0.480,-0.372,1.945,-22.461,31.616,11.414
-0.458,-0.374,1.844,-20.264,51.025,11.414
-0.420,-0.389,1.710,-16.541,68.298,11.658
-0.398,-0.392,1.578,-12.878,80.872,12.634
-0.369,-0.362,1.460,-12.268,88.806,14.587
-0.331,-0.338,1.333,-17.090,87.463,16.418
-0.304,-0.328,1.254,-24.231,85.693,14.465
-0.278,-0.320,1.161,-33.020,85.754,9.888
-0.253,-0.317,1.066,-40.405,93.567,6.531
-0.233,-0.305,0.963,-44.189,103.699,3.906
-0.201,-0.292,0.840,-44.006,114.807,3.967
-0.180,-0.259,0.727,-40.771,124.451,5.676
-0.153,-0.221,0.611,-36.133,128.540,8.789
-0.149,-0.145,0.509,-31.372,122.803,11.780
-0.141,-0.092,0.497,-26.428,104.065,14.954
-0.115,-0.057,0.570,-25.818,84.045,17.090
-0.088,-0.064,0.586,-33.630,75.317,15.747
-0.044,-0.087,0.583,-41.260,80.017,11.230
-0.034,-0.097,0.518,-41.016,96.252,7.080
-0.014,-0.097,0.429,-32.654,114.319,7.080
-0.003,-0.059,0.195,-22.339,119.202,12.451
0.013,-0.005,0.127,-8.545,103.088,18.311
0.031,0.048,0.162,-0.122,82.520,24.658
0.079,0.101,0.118,-13.062,70.801,34.851
0.119,0.099,0.058,-30.640,74.402,47.974
0.163,0.096,-0.033,-33.569,77.515,57.983
0.214,0.060,-0.058,-17.700,74.402,64.148
0.243,0.224,-0.159,-3.723,69.031,63.599
0.251,0.300,-0.109,4.089,60.547,43.396
0.253,0.276,-0.126,-2.075,50.049,23.010
0.268,0.244,-0.128,-21.118,41.626,11.902
0.262,0.250,-0.133,-36.743,29.663,8.850
0.265,0.284,-0.088,-39.551,14.099,9.827
0.266,0.330,-0.040,-34.851,-0.671,12.024
0.269,0.365,-0.009,-28.076,-12.512,12.451
0.276,0.379,0.034,-19.043,-19.775,10.010
0.275,0.379,0.139,-12.817,-19.531,6.226
0.265,0.375,0.167,-11.230,-15.686,1.709
0.258,0.349,0.183,-8.911,-16.052,-2.930
0.252,0.307,0.209,-6.226,-21.057,-6.226
0.233,0.281,0.264,-6.042,-27.527,-7.874
0.212,0.275,0.341,-6.958,-35.522,-8.118
0.193,0.283,0.427,-6.165,-42.969,-7.446
0.168,0.289,0.504,-1.648,-49.316,-7.996
0.151,0.276,0.570,5.676,-53.650,-9.583
0.140,0.246,0.633,13.428,-54.749,-12.268
0.130,0.201,0.683,18.250,-54.260,-15.503
0.120,0.157,0.730,18.860,-51.697,-17.883
0.114,0.122,0.757,16.174,-49.744,-19.531
0.103,0.092,0.803,14.221,-49.805,-21.545
0.091,0.051,0.858,12.756,-53.223,-23.437
0.082,0.007,0.921,10.254,-57.678,-25.757
0.084,-0.033,0.977,6.897,-60.974,-27.344
0.071,-0.073,1.029,5.859,-60.913,-28.076
0.053,-0.106,1.083,8.301,-59.387,-27.710
0.038,-0.141,1.133,14.709,-56.396,-25.635
0.015,-0.161,1.155,24.658,-52.490,-21.667
0.006,-0.193,1.175,32.654,-50.598,-18.066
-0.001,-0.216,1.179,33.264,-48.401,-15.198
-0.010,-0.233,1.193,28.259,-43.396,-13.611
-0.006,-0.235,1.204,20.630,-39.673,-12.939
-0.010,-0.226,1.209,16.907,-37.537,-10.986
-0.006,-0.219,1.210,18.372,-35.400,-7.751
-0.003,-0.201,1.204,22.339,-33.020,-3.479
-0.006,-0.166,1.174,25.085,-30.884,1.221
-0.021,-0.127,1.158,25.391,-27.527,3.784
-0.033,-0.109,1.147,21.545,-27.161,2.075
-0.044,-0.106,1.145,15.808,-26.001,-1.038
-0.044,-0.112,1.135,12.085,-23.499,-3.296
-0.052,-0.120,1.132,13.489,-20.569,-4.150
-0.047,-0.136,1.122,16.602,-18.677,-3.052
-0.029,-0.142,1.097,19.165,-17.090,-0.854
-0.030,-0.129,1.079,20.996,-15.747,1.282
-0.034,-0.113,1.062,21.057,-16.418,3.113
-0.030,-0.105,1.052,20.081,-17.273,3.967
-0.042,-0.098,1.061,19.165,-17.578,3.052
-0.041,-0.101,1.053,17.151,-16.785,1.587
-0.039,-0.118,1.035,15.442,-13.733,0.183
-0.042,-0.133,1.020,14.832,-11.169,-1.648
-0.041,-0.140,1.005,13.916,-9.644,-1.526
-0.043,-0.137,1.001,13.489,-10.010,-1.038
-0.041,-0.140,0.998,13.916,-11.902,0.183
-0.041,-0.142,1.000,14.832,-13.733,1.526
-0.040,-0.158,1.000,14.160,-15.991,1.831
-0.042,-0.155,1.002,11.292,-15.625,1.648
-0.047,-0.142,0.994,7.202,-14.465,1.953
-0.047,-0.135,0.987,5.859,-13.306,2.869
-0.053,-0.130,0.991,7.751,-13.855,3.235
-0.061,-0.129,0.992,11.536,-14.160,4.761
-0.062,-0.135,0.996,14.465,-14.465,5.737
-0.065,-0.140,0.991,15.198,-14.954,6.287
-0.064,-0.129,0.984,14.648,-12.512,6.531
-0.067,-0.132,0.978,13.916,-13.184,6.470
-0.065,-0.133,0.981,12.817,-14.832,5.676
-0.068,-0.123,0.974,10.254,-15.442,6.226
-0.072,-0.112,0.972,7.812,-15.869,6.226
-0.073,-0.109,0.982,5.920,-17.944,5.676
-0.082,-0.108,1.002,4.517,-19.470,4.700
-0.095,-0.105,1.029,3.357,-19.958,4.700
-0.100,-0.102,1.044,4.150,-18.860,5.127
-0.113,-0.106,1.064,7.690,-16.968,4.639
-0.125,-0.117,1.075,10.681,-15.869,3.845
-0.125,-0.125,1.056,11.597,-12.756,4.333
-0.129,-0.120,1.037,11.597,-8.606,4.883
-0.124,-0.111,1.002,10.559,-7.874,4.761
-0.119,-0.097,0.987,10.132,-6.714,4.700
-0.109,-0.113,0.967,10.254,-7.751,3.296
-0.100,-0.122,0.963,10.620,-8.240,1.648
-0.098,-0.138,0.961,9.888,-7.263,0.610
-0.106,-0.144,0.974,8.850,-7.080,-0.305
-0.108,-0.160,0.984,7.446,-8.057,-0.549
